slug,role,team_name_short,presenze_pred,presenze_pred.1,starts_pred,titolare_pred,fmv_pred,mv_pred,gf_pred,assist_pred,clean_sheet_pred,price,prezzo_medio
romelu-lukaku,A,Napoli,20.0,20.0,19.0,1,7.04,6.31,9.43,4.64,0.0,21.08,23.0
lautaro-martinez,A,Inter,32.0,32.0,27.0,1,7.76,6.32,18.44,3.9,0.0,170.42,152.0
jonathan-david,A,Juventus,30.0,30.0,24.0,1,7.56,6.21,14.51,5.87,0.0,129.6,141.0
moise-kean,A,Fiorentina,32.0,32.0,27.0,0,7.59,6.37,14.04,4.62,0.0,153.96,144.0
gianluca-scamacca,A,Atalanta,28.0,28.0,18.0,0,7.29,6.45,12.47,6.37,0.0,73.46,75.0
marcus-thuram,A,Inter,29.0,29.0,24.0,1,6.99,6.21,10.9,3.01,0.0,127.42,143.0
domenico-berardi,A,Sassuolo,29.0,29.0,27.0,1,7.43,6.44,7.68,7.18,0.0,74.3,65.0
paulo-dybala,A,Roma,27.0,27.0,23.0,1,7.29,6.41,10.31,5.47,0.0,81.52,61.0
evan-ferguson,A,Roma,25.0,25.0,20.0,0,7.51,6.36,10.7,2.42,0.0,70.65,47.0
rafael-leao,A,Milan,30.0,30.0,24.0,1,7.44,6.43,12.81,9.52,0.0,94.06,105.0
duvan-zapata,A,Torino,28.0,28.0,26.0,1,7.29,6.33,11.12,3.07,0.0,56.2,37.5
ademola-lookman,A,Atalanta,27.0,27.0,18.0,0,7.03,6.26,9.71,4.42,0.0,20.83,30.0
kenan-yldz,A,Juventus,30.0,30.0,26.0,0,7.03,6.48,8.39,6.18,0.0,85.97,96.0
valentin-castellanos,A,Lazio,32.0,32.0,25.0,1,6.59,5.96,9.8,3.57,0.0,75.51,85.0
dusan-vlahovic,A,Juventus,26.0,26.0,21.0,1,7.01,6.04,9.86,1.73,0.0,46.67,32.0
santiago-gimenez,A,Milan,30.0,30.0,24.0,0,7.48,6.3,13.01,3.25,0.0,83.26,50.0
giovanni-simeone,A,Torino,31.0,31.0,26.0,1,6.63,5.96,10.46,2.37,0.0,22.97,10.5
riccardo-orsolini,C,Bologna,28.0,28.0,20.0,1,7.27,6.39,12.0,4.66,0.0,73.3,74.0
armand-lauriente,A,Sassuolo,30.0,30.0,27.0,1,6.91,6.35,6.92,6.48,0.0,31.74,15.0
noa-lang,A,Napoli,22.0,22.0,17.0,0,6.76,6.3,7.01,6.15,0.0,38.44,12.0
charles-de-ketelaere,A,Atalanta,32.0,32.0,23.0,1,6.76,6.2,7.48,7.21,0.0,61.3,41.0
ciro-immobile,A,Bologna,26.0,26.0,22.0,1,7.41,6.1,9.81,2.78,0.0,51.33,11.0
che-adams,A,Torino,33.0,33.0,25.0,1,6.38,5.82,9.49,2.8,0.0,43.09,16.0
alvaro-morata,A,Como,24.0,24.0,18.0,0,7.05,6.14,10.8,2.64,0.0,42.61,27.0
artem-dovbyk,A,Roma,23.0,23.0,17.0,0,6.98,6.23,9.08,2.4,0.0,61.78,30.0
mattia-zaccagni,C,Lazio,35.0,35.0,28.0,1,6.94,6.52,7.25,5.57,0.0,60.1,74.0
nico-paz,C,Como,32.0,32.0,28.0,0,7.39,6.42,8.94,7.36,0.0,62.69,67.0
christian-pulisic,C,Milan,35.0,35.0,28.0,1,7.11,6.45,9.3,6.89,0.0,70.69,77.0
kevin-de-bruyne,C,Napoli,28.0,28.0,25.0,1,7.07,6.49,4.08,8.81,0.0,53.19,68.0
roberto-piccoli,A,Fiorentina,20.0,20.0,17.0,0,7.02,6.11,7.07,3.86,0.0,34.4,14.0
scott-mctominay,C,Napoli,32.0,32.0,25.0,1,6.63,6.37,6.4,5.07,0.0,62.82,82.0
andrea-pinamonti,A,Sassuolo,29.0,29.0,24.0,1,6.38,5.95,7.83,1.24,0.0,40.86,30.0
franco-vazquez,C,Cremonese,27.0,27.0,24.0,1,6.42,5.98,5.02,6.31,0.0,15.98,9.0
hakan-calhanoglu,C,Inter,32.0,32.0,29.0,1,6.84,6.38,6.51,6.42,0.0,39.65,45.0
boulaye-dia,A,Lazio,24.0,24.0,20.0,1,6.62,6.11,7.86,2.12,0.0,43.49,13.0
federico-dimarco,D,Inter,31.0,31.0,21.0,0,6.87,6.29,4.75,5.68,0.0,42.8,44.0
daniel-mosquera,A,Verona,29.0,29.0,13.0,0,6.59,6.01,7.26,1.89,0.0,9.54,1.0
alexander-lind,A,Pisa,30.0,30.0,21.0,1,6.61,5.66,7.9,1.74,0.0,6.66,1.0
michele-di-gregorio,P,Juventus,32.0,32.0,31.0,1,5.19,6.3,0.0,0.0,11.27,47.83,52.0
yann-sommer,P,Inter,24.0,24.0,24.0,1,5.13,6.26,0.0,0.0,8.53,45.58,51.0
francisco-conceicao,C,Juventus,28.0,28.0,20.0,0,6.81,6.22,6.36,5.97,0.0,37.44,48.5
denzel-dumfries,D,Inter,31.0,31.0,25.0,1,6.38,6.06,5.56,3.68,0.0,41.96,45.0
mile-svilar,P,Roma,36.0,36.0,35.0,0,5.32,6.28,0.0,0.0,9.57,39.94,49.0
lorenzo-lucca,A,Napoli,28.0,28.0,17.0,0,6.87,6.19,9.43,4.42,0.0,59.18,56.0
mike-maignan,P,Milan,35.0,35.0,35.0,1,5.21,6.17,0.0,0.06,10.63,42.92,49.0
lorenzo-colombo,A,Genoa,30.0,30.0,26.0,0,6.76,6.19,8.11,2.91,0.0,26.38,17.0
marco-carnesecchi,P,Atalanta,34.0,34.0,34.0,1,5.26,6.38,0.0,0.0,9.06,33.8,40.0
albert-gumundsson,C,Fiorentina,31.0,31.0,20.0,0,6.94,6.35,5.9,3.53,0.0,53.3,65.0
francesco-camarda,A,Lecce,29.0,29.0,21.0,0,7.08,6.3,9.22,3.82,0.0,25.08,22.0
david-de-gea,P,Fiorentina,37.0,37.0,36.0,1,5.15,6.23,0.0,0.0,10.4,29.6,38.5
lucas-beltran,A,Fiorentina,22.0,22.0,16.0,0,6.33,5.97,5.12,2.48,0.0,17.94,1.0
cyril-ngonge,A,Torino,25.0,25.0,19.0,0,6.63,6.0,7.19,3.34,0.0,10.84,4.0
edin-dzeko,A,Fiorentina,21.0,21.0,16.0,1,6.96,6.02,8.64,2.97,0.0,31.16,16.0
santiago-castro,A,Bologna,23.0,23.0,15.0,0,6.56,6.0,7.28,3.09,0.0,46.56,26.5
antonio-sanabria,A,Cremonese,22.0,22.0,16.0,0,6.39,5.98,6.47,1.1,0.0,8.74,2.0
jesper-karlsson,A,Bologna,27.0,27.0,23.0,1,6.24,6.0,4.68,3.63,0.0,2.86,0.0
assane-diao,A,Como,25.0,25.0,14.0,0,6.67,6.13,7.83,2.27,0.0,55.2,32.0
nicolo-barella,C,Inter,33.0,33.0,30.0,1,6.79,6.59,4.1,5.04,0.0,26.29,37.0
gustav-isaksen,C,Lazio,32.0,32.0,21.0,0,6.9,6.3,4.95,4.34,0.0,21.29,26.5
nicolae-stanciu,C,Genoa,25.0,25.0,22.0,1,6.4,6.05,3.72,5.32,0.0,14.18,15.0
alessandro-gabrielloni,A,Como,1.0,1.0,1.0,0,6.0,6.0,0.14,0.09,0.0,1.0,1.0
luka-modric,C,Milan,29.0,29.0,25.0,1,7.31,6.24,5.8,8.69,0.0,18.94,21.0
francesco-pio-esposito,A,Inter,31.0,31.0,25.0,1,6.52,5.87,6.24,1.37,0.0,7.93,4.0
angelino,D,Roma,30.0,30.0,25.0,1,6.51,6.22,2.93,4.05,0.0,27.52,33.0
mateo-pellegrino,A,Parma,30.0,30.0,28.0,0,6.64,6.18,8.33,1.59,0.0,31.78,30.0
jens-odgaard,C,Bologna,25.0,25.0,19.0,1,6.72,6.35,5.49,2.64,0.0,24.83,36.0
semih-kilicsoy,A,Cagliari,19.0,19.0,11.0,0,6.52,5.95,6.62,2.44,0.0,6.35,1.0
samuele-mulattieri,A,Sassuolo,24.0,24.0,15.0,0,6.66,5.73,6.78,1.16,0.0,7.09,1.0
david-neres,C,Napoli,23.0,23.0,11.0,0,7.17,6.44,5.13,5.78,0.0,23.52,21.0
andrea-cambiaso,D,Juventus,29.0,29.0,25.0,1,6.35,6.08,2.3,4.02,0.0,25.94,34.0
matteo-tramoni,C,Pisa,25.0,25.0,16.0,0,6.48,6.15,5.66,3.74,0.0,17.5,25.0
matias-soule,A,Roma,24.0,24.0,18.0,0,7.07,6.43,8.13,3.11,0.0,57.7,56.5
adrian-benedyczak,A,Parma,20.0,20.0,12.0,0,6.47,5.78,8.47,1.15,0.0,5.17,1.0
nikola-krstovic,A,Atalanta,23.0,23.0,15.0,0,7.03,6.15,8.69,2.81,0.0,58.84,44.0
martin-baturina,C,Como,27.0,27.0,21.0,0,6.48,6.14,3.14,7.33,0.0,18.37,14.0
alexis-sanchez,A,Udinese,25.0,25.0,20.0,1,6.23,5.95,4.91,2.02,0.0,3.56,1.0
carlos-augusto,D,Inter,28.0,28.0,23.0,1,6.34,6.17,3.07,2.31,0.0,17.3,10.0
raoul-bellanova,D,Atalanta,25.0,25.0,22.0,0,6.46,6.36,2.09,4.6,0.0,26.06,32.0
gennaro-borrelli,A,Cagliari,18.0,18.0,9.0,0,6.38,5.85,6.16,2.15,0.0,2.96,1.0
davide-frattesi,C,Inter,26.0,26.0,21.0,1,6.56,6.21,6.01,2.19,0.0,13.16,11.0
tijjani-noslin,A,Lazio,22.0,22.0,15.0,0,6.46,6.1,4.76,3.13,0.0,3.6,1.0
giovanni-di-lorenzo,D,Napoli,35.0,35.0,35.0,1,6.3,6.16,2.54,2.83,0.0,25.12,32.0
jari-vandeputte,C,Cremonese,30.0,30.0,28.0,0,6.4,5.97,3.77,6.38,0.0,12.64,8.0
leonardo-pavoletti,A,Cagliari,24.0,24.0,21.0,1,6.37,5.97,6.73,1.14,0.0,2.27,0.0
nikola-vlasic,C,Torino,30.0,30.0,25.0,1,6.29,5.97,4.74,4.75,0.0,21.22,24.0
nicolas-gerrit-kuhn,A,Como,21.0,21.0,15.0,0,6.55,6.05,4.78,5.4,0.0,18.35,2.0
sebastiano-esposito,A,Cagliari,24.0,24.0,16.0,0,6.56,6.17,6.16,2.2,0.0,25.39,15.0
abdelhamid-sabiri,C,Fiorentina,19.0,19.0,15.0,0,6.37,5.96,4.31,3.68,0.0,1.34,0.0
ardon-jashari,C,Milan,25.0,25.0,20.0,1,6.2,6.03,3.57,4.62,0.0,10.98,12.0
stephan-el-shaarawy,C,Roma,25.0,25.0,16.0,0,6.55,6.02,4.72,3.07,0.0,9.51,8.0
vitinha,A,Genoa,24.0,24.0,14.0,0,6.3,5.94,5.61,2.35,0.0,16.3,1.0
zakaria-aboukhlal,A,Torino,25.0,25.0,22.0,0,6.84,6.23,6.47,3.8,0.0,9.38,1.0
mbala-nzola,A,Pisa,22.0,22.0,13.0,0,6.42,5.98,6.41,1.83,0.0,14.73,12.0
ukasz-skorupski,P,Bologna,32.0,32.0,30.0,1,4.97,6.18,0.0,0.0,7.93,20.52,20.5
alessandro-bastoni,D,Inter,28.0,28.0,26.0,1,6.21,6.11,1.1,1.99,0.0,30.05,35.0
vakoun-issouf-bayo,A,Udinese,20.0,20.0,11.0,0,6.79,5.83,6.31,0.7,0.0,7.02,1.0
benjamin-dominguez,A,Bologna,23.0,23.0,15.0,0,6.44,6.07,4.8,3.68,0.0,12.64,2.0
matteo-politano,C,Napoli,23.0,23.0,16.0,1,6.46,6.16,4.65,3.52,0.0,23.12,35.5
fisayo-dele-bashiru,C,Lazio,28.0,28.0,20.0,1,6.32,6.05,5.16,2.08,0.0,14.41,10.0
alex-meret,P,Napoli,17.0,17.0,16.0,1,5.22,6.28,0.0,0.0,7.07,37.95,44.0
zito-luvumbo,A,Cagliari,27.0,27.0,14.0,0,6.46,6.11,5.03,4.11,0.0,6.58,1.0
aaron-martin,D,Genoa,28.0,28.0,24.0,1,6.4,6.3,1.03,5.39,0.0,18.36,19.0
milan-uric,A,Parma,20.0,20.0,16.0,0,6.42,6.0,5.33,2.13,0.0,5.97,1.0
obite-ndicka,D,Roma,27.0,27.0,26.0,1,6.23,6.18,1.6,1.88,0.0,11.99,10.0
albert-grnbk,C,Genoa,25.0,25.0,16.0,0,6.98,6.39,4.93,3.2,0.0,16.49,15.0
joao-mario,D,Juventus,26.0,26.0,20.0,0,6.22,6.09,1.68,2.98,0.0,15.85,16.0
anastasios-douvikas,A,Como,23.0,23.0,10.0,0,6.41,6.09,6.65,1.51,0.0,24.75,15.0
robin-gosens,D,Fiorentina,29.0,29.0,25.0,1,6.24,6.07,3.29,2.26,0.0,30.01,37.0
ederson,C,Atalanta,30.0,30.0,26.0,1,6.28,6.12,4.27,0.91,0.0,16.45,23.0
patrick-cutrone,A,Como,16.0,16.0,10.0,0,6.4,5.93,6.22,2.57,0.0,5.24,1.0
francesco-acerbi,D,Inter,31.0,31.0,30.0,1,6.13,6.08,1.42,0.68,0.0,11.83,7.0
stefan-de-vrij,D,Inter,27.0,27.0,27.0,1,6.17,6.13,1.63,0.35,0.0,10.0,3.0
nuno-tavares,D,Lazio,30.0,30.0,21.0,0,6.41,6.27,2.38,3.13,0.0,21.75,30.0
gleison-bremer,D,Juventus,33.0,33.0,33.0,1,6.2,6.11,3.63,0.0,0.0,24.64,33.0
henrikh-mkhitaryan,C,Inter,24.0,24.0,20.0,1,6.39,6.26,4.67,3.7,0.0,18.35,7.5
amin-sarr,A,Verona,24.0,24.0,16.0,0,6.41,6.06,5.64,2.36,0.0,11.12,3.0
dodo,D,Fiorentina,30.0,30.0,24.0,0,6.32,6.02,1.56,2.82,0.0,23.06,29.0
davide-zappacosta,D,Atalanta,26.0,26.0,24.0,1,6.14,6.02,1.8,1.85,0.0,16.77,11.0
wesley,D,Roma,28.0,28.0,24.0,1,6.41,6.17,2.13,3.05,0.0,24.88,31.5
gianluca-mancini,D,Roma,34.0,34.0,33.0,1,6.17,6.1,2.08,0.81,0.0,18.03,17.0
vanja-milinkovic-savic,P,Napoli,19.0,19.0,19.0,0,5.31,6.29,0.0,0.0,6.93,11.06,18.0
nicola-leali,P,Genoa,31.0,31.0,31.0,1,5.1,6.23,0.0,0.0,6.63,12.93,10.5
david-okereke,A,Cremonese,22.0,22.0,11.0,0,6.45,5.79,5.09,1.14,0.0,4.88,1.0
amir-rrahmani,D,Napoli,30.0,30.0,30.0,1,6.18,6.12,2.02,0.51,0.0,16.66,17.0
mario-pasalic,C,Atalanta,28.0,28.0,20.0,1,6.57,6.16,4.1,2.1,0.0,10.99,4.5
juan-miranda,D,Bologna,27.0,27.0,25.0,0,6.34,6.21,1.34,3.72,0.0,14.08,18.0
nicholas-pierini,A,Sassuolo,16.0,16.0,7.0,0,6.26,5.79,5.48,1.42,0.0,2.06,0.0
alessandro-buongiorno,D,Napoli,31.0,31.0,26.0,0,6.31,6.28,1.44,0.31,0.0,23.6,26.0
dennis-johnsen,A,Cremonese,26.0,26.0,16.0,0,6.14,5.75,2.43,3.77,0.0,3.93,0.0
luca-moro,A,Sassuolo,21.0,21.0,10.0,0,6.32,5.85,4.39,0.23,0.0,4.2,1.0
stefano-moreo,A,Pisa,27.0,27.0,19.0,1,5.94,5.64,3.21,1.41,0.0,3.66,1.0
matteo-darmian,D,Inter,24.0,24.0,19.0,1,6.22,6.09,1.71,1.99,0.0,5.99,1.0
jayden-addai,A,Como,23.0,23.0,18.0,0,6.35,6.06,3.88,2.78,0.0,9.51,2.0
federico-gatti,D,Juventus,27.0,27.0,26.0,1,6.12,6.07,1.72,0.34,0.0,13.82,10.0
dailon-rocha-livramento,A,Verona,19.0,19.0,6.0,0,6.3,5.84,5.6,2.44,0.0,3.18,0.0
giorgio-scalvini,D,Atalanta,27.0,27.0,25.0,1,6.17,6.14,2.42,0.0,0.0,10.22,7.0
nicolo-savona,D,Juventus,25.0,25.0,20.0,1,6.07,5.97,2.49,0.73,0.0,5.31,1.0
zeki-celik,D,Roma,29.0,29.0,25.0,1,5.89,5.81,0.05,2.02,0.0,4.33,1.0
manuel-lazzari,D,Lazio,29.0,29.0,25.0,1,6.07,5.97,0.04,2.9,0.0,3.36,1.0
wladimiro-falcone,P,Lecce,35.0,35.0,35.0,1,4.87,6.25,0.0,0.0,8.11,8.38,6.0
jurgen-ekkelenkamp,C,Udinese,25.0,25.0,19.0,1,6.63,6.23,4.86,1.98,0.0,7.97,2.5
manuel-de-luca,A,Cremonese,20.0,20.0,11.0,0,6.38,5.96,4.84,1.25,0.0,5.46,1.5
martin-vitik,D,Bologna,29.0,29.0,27.0,0,6.13,6.12,2.3,0.25,0.0,8.77,6.5
lorenzo-montipo,P,Verona,36.0,36.0,36.0,1,4.76,6.19,0.0,0.0,9.01,5.5,2.0
lazar-samardzic,C,Atalanta,25.0,25.0,18.0,0,6.49,6.12,4.93,2.46,0.0,17.12,20.0
samuel-gigot,D,Lazio,27.0,27.0,25.0,1,6.01,5.92,1.65,1.39,0.0,2.22,0.0
ivan-azon,A,Como,23.0,23.0,14.0,0,6.52,5.92,4.7,1.7,0.0,5.74,1.0
khephren-thuram,C,Juventus,26.0,26.0,21.0,1,6.26,6.06,2.86,3.04,0.0,18.3,31.0
rolando-mandragora,C,Fiorentina,29.0,29.0,22.0,1,6.1,5.91,2.69,3.37,0.0,11.79,5.0
andre-frank-zambo-anguissa,C,Napoli,29.0,29.0,28.0,1,6.32,6.26,1.84,3.68,0.0,20.26,22.0
sead-kolasinac,D,Atalanta,25.0,25.0,21.0,1,6.11,6.03,1.05,1.31,0.0,4.26,1.0
federico-bonazzoli,A,Cremonese,20.0,20.0,10.0,0,6.34,5.83,3.99,1.21,0.0,5.28,3.0
christos-mandas,P,Lazio,20.0,20.0,20.0,0,5.5,6.29,0.0,0.0,5.09,6.25,5.0
jacob-ondrejka,C,Parma,23.0,23.0,15.0,0,6.43,6.02,6.72,2.57,0.0,4.96,1.0
pontus-almqvist,A,Parma,24.0,24.0,16.0,0,6.11,5.81,2.83,4.72,0.0,2.86,1.0
luca-mazzitelli,C,Cagliari,29.0,29.0,26.0,1,6.29,6.06,4.04,3.2,0.0,2.36,0.0
berat-djimsiti,D,Atalanta,31.0,31.0,28.0,1,5.95,5.91,0.67,0.75,0.0,3.44,1.5
odilon-kossounou,D,Atalanta,25.0,25.0,20.0,0,6.1,6.07,1.62,0.46,0.0,8.49,5.0
matteo-guendouzi,C,Lazio,30.0,30.0,26.0,1,6.22,6.14,2.57,2.7,0.0,8.27,6.0
filip-kostic,C,Juventus,19.0,19.0,14.0,1,6.41,6.19,3.59,3.74,0.0,2.83,1.0
ruben-loftus-cheek,C,Milan,25.0,25.0,19.0,0,6.41,6.29,4.49,2.67,0.0,14.88,15.0
matteo-cancellieri,A,Lazio,19.0,19.0,8.0,0,6.15,5.93,3.59,1.16,0.0,5.68,1.5
franco-israel,P,Torino,31.0,31.0,31.0,0,5.19,6.07,0.0,0.0,0.37,12.76,9.0
hernani,C,Parma,25.0,25.0,16.0,0,6.23,5.95,3.8,3.68,0.0,3.93,1.0
adam-marusic,D,Lazio,32.0,32.0,28.0,1,5.81,5.75,2.11,0.68,0.0,5.18,2.0
cristiano-biraghi,D,Torino,28.0,28.0,22.0,1,6.05,5.98,1.38,1.3,0.0,6.66,7.0
valentin-carboni,C,Genoa,30.0,30.0,21.0,0,6.38,6.2,4.46,1.49,0.0,12.25,16.0
fikayo-tomori,D,Milan,30.0,30.0,28.0,1,6.22,6.19,2.84,0.29,0.0,13.35,10.0
caleb-ekuban,A,Genoa,21.0,21.0,12.0,0,6.18,5.98,2.58,2.38,0.0,1.97,0.0
iker-bravo,A,Udinese,16.0,16.0,6.0,0,6.31,5.98,4.68,0.71,0.0,7.41,5.0
alessio-romagnoli,D,Lazio,27.0,27.0,27.0,1,5.98,5.94,1.18,0.41,0.0,8.11,4.0
ivan-provedel,P,Lazio,17.0,17.0,17.0,1,5.28,6.17,0.0,0.0,5.39,21.32,25.0
ismael-kone,C,Sassuolo,24.0,24.0,23.0,0,6.15,5.99,1.46,1.43,0.0,4.2,1.0
mario-gila,D,Lazio,29.0,29.0,25.0,0,6.18,6.17,0.21,0.14,0.0,9.28,8.0
yann-aurel-bisseck,D,Inter,21.0,21.0,14.0,0,6.35,6.24,2.56,0.55,0.0,7.86,6.5
pablo-mari,D,Fiorentina,30.0,30.0,24.0,1,5.95,5.92,1.24,0.13,0.0,4.18,1.0
benjamin-pavard,D,Inter,21.0,21.0,20.0,1,6.09,6.05,0.05,0.83,0.0,10.6,10.0
luis-henrique,C,Inter,16.0,16.0,10.0,0,6.03,5.8,1.43,2.64,0.0,5.35,1.0
isak-hien,D,Atalanta,27.0,27.0,25.0,1,5.94,5.93,0.07,0.16,0.0,10.9,11.0
pasquale-mazzocchi,D,Napoli,22.0,22.0,16.0,0,5.95,5.82,0.05,2.7,0.0,2.72,0.0
daniele-ghilardi,D,Roma,25.0,25.0,23.0,1,6.0,5.99,0.32,0.09,0.0,3.49,1.0
emil-audero,P,Cremonese,36.0,36.0,36.0,0,5.01,6.09,0.0,0.0,5.23,4.17,1.0
lorenzo-de-silvestri,D,Bologna,25.0,25.0,20.0,1,6.05,5.93,2.76,1.12,0.0,2.62,1.0
strahinja-pavlovic,D,Milan,25.0,25.0,23.0,1,6.25,6.19,2.19,0.57,0.0,10.74,11.0
jesus-rodriguez,C,Como,19.0,19.0,12.0,0,6.18,6.09,2.6,0.48,0.0,8.03,1.0
saba-goglichidze,D,Udinese,26.0,26.0,24.0,1,5.82,5.78,0.35,0.83,0.0,3.93,1.0
nicolo-cambiaghi,A,Bologna,18.0,18.0,11.0,0,6.23,6.05,2.36,1.64,0.0,8.59,1.0
luca-ranieri,D,Fiorentina,26.0,26.0,24.0,1,5.89,5.86,0.23,0.71,0.0,9.08,3.0
lucas-da-cunha,C,Como,25.0,25.0,15.0,0,6.36,6.01,4.64,2.61,0.0,11.53,9.0
elia-caprile,P,Cagliari,37.0,37.0,37.0,1,4.99,6.05,0.0,0.0,6.33,8.43,8.0
devyne-rensch,D,Roma,24.0,24.0,19.0,1,6.06,5.94,1.09,1.13,0.0,4.13,1.0
mario-hermoso,D,Roma,22.0,22.0,21.0,1,5.98,5.89,1.4,1.07,0.0,3.9,2.0
pedro,A,Lazio,28.0,28.0,17.0,0,6.53,5.97,7.57,5.06,0.0,12.79,2.0
simon-sohm,C,Fiorentina,23.0,23.0,14.0,0,6.26,6.1,3.42,2.84,0.0,6.45,5.5
stefano-sabelli,D,Genoa,29.0,29.0,26.0,1,5.93,5.86,0.17,1.78,0.0,1.0,1.0
daniel-maldini,C,Atalanta,12.0,12.0,3.0,0,6.87,6.1,6.83,0.51,0.0,14.04,10.0
pierre-kalulu,D,Juventus,22.0,22.0,22.0,1,6.17,6.14,0.98,0.18,0.0,10.42,12.0
perr-schuurs,D,Torino,26.0,26.0,24.0,1,6.08,6.0,0.0,1.22,0.0,3.34,0.0
ruslan-malinovskyi,C,Genoa,21.0,21.0,15.0,0,6.51,6.19,4.34,2.68,0.0,7.54,2.0
mathias-olivera,D,Napoli,21.0,21.0,19.0,1,6.06,6.01,0.52,0.83,0.0,5.85,7.0
jeff-ekhator,A,Genoa,18.0,18.0,7.0,0,6.1,5.88,3.03,1.64,0.0,2.21,0.0
junior-messias,C,Genoa,27.0,27.0,23.0,1,6.4,6.12,4.65,3.03,0.0,3.13,1.0
sam-beukema,D,Napoli,23.0,23.0,21.0,1,6.1,6.07,1.16,0.09,0.0,7.0,6.0
michael-folorunsho,C,Cagliari,25.0,25.0,22.0,1,6.37,6.16,4.43,1.12,0.0,10.19,10.0
agustin-alvarez,A,Sassuolo,22.0,22.0,13.0,0,6.02,5.8,2.34,0.89,0.0,5.3,1.0
sandi-lovric,C,Udinese,27.0,27.0,20.0,1,6.18,5.98,2.15,3.76,0.0,5.88,1.5
johan-vasquez,D,Genoa,26.0,26.0,26.0,1,6.01,5.98,1.05,0.13,0.0,8.22,9.0
leonardo-spinazzola,D,Napoli,20.0,20.0,15.0,0,6.22,6.1,1.26,1.67,0.0,3.03,1.0
nicolo-fagioli,C,Fiorentina,25.0,25.0,15.0,0,6.16,5.97,1.79,3.56,0.0,4.76,4.0
juan-jesus,D,Napoli,21.0,21.0,20.0,0,6.0,5.97,0.96,0.1,0.0,1.74,1.0
lloyd-kelly,D,Juventus,19.0,19.0,18.0,0,5.85,5.79,0.5,0.98,0.0,6.9,1.0
saul-coco,D,Torino,29.0,29.0,24.0,1,5.87,5.84,1.25,0.14,0.0,4.83,1.5
jacobo-ramon,D,Como,23.0,23.0,22.0,0,6.09,6.09,0.08,0.02,0.0,6.6,10.0
tarik-muharemovic,D,Sassuolo,27.0,27.0,24.0,0,6.12,6.05,1.74,0.56,0.0,3.64,1.5
alexis-saelemaekers,C,Milan,28.0,28.0,19.0,1,6.16,5.96,2.66,3.43,0.0,13.76,15.0
federico-bernardeschi,C,Bologna,25.0,25.0,16.0,0,5.75,5.58,0.73,2.0,0.0,4.89,3.0
tommaso-barbieri,D,Cremonese,28.0,28.0,19.0,1,6.07,5.86,2.46,1.29,0.0,5.96,1.5
koni-de-winter,D,Milan,20.0,20.0,18.0,1,5.82,5.79,1.03,0.28,0.0,4.68,5.0
weston-mckennie,C,Juventus,25.0,25.0,20.0,1,6.22,6.09,2.67,1.17,0.0,3.29,1.0
brooke-norton-cuffy,D,Genoa,25.0,25.0,18.0,0,5.79,5.71,0.81,1.48,0.0,3.3,2.0
jhon-lucumi,D,Bologna,27.0,27.0,24.0,1,5.89,5.86,0.05,0.7,0.0,5.2,2.0
thijs-dallinga,A,Bologna,11.0,11.0,7.0,0,6.15,5.95,3.91,0.84,0.0,4.19,1.0
manuel-locatelli,C,Juventus,28.0,28.0,27.0,1,6.23,6.12,1.68,2.17,0.0,5.87,8.0
christian-kabasele,D,Udinese,26.0,26.0,25.0,1,5.74,5.71,1.21,0.16,0.0,1.71,0.0
adrian-bernabe,C,Parma,23.0,23.0,16.0,0,6.48,6.23,3.41,2.85,0.0,15.35,14.0
josh-doig,D,Sassuolo,23.0,23.0,19.0,1,6.21,6.05,1.66,3.17,0.0,6.58,9.0
jean-butez,P,Como,30.0,30.0,30.0,0,5.08,6.11,0.0,0.0,5.16,12.84,17.0
unai-nunez,D,Verona,28.0,28.0,25.0,1,6.09,6.04,1.11,0.73,0.0,3.63,1.0
zion-suzuki,P,Parma,30.0,30.0,27.0,1,4.74,6.24,0.0,0.0,5.02,4.88,5.0
lennon-miller,C,Udinese,25.0,25.0,20.0,1,6.13,5.97,0.88,3.36,0.0,3.64,1.0
bryan-cristante,C,Roma,26.0,26.0,23.0,1,6.1,5.97,1.82,2.18,0.0,3.57,3.0
nicolas-gonzalez,A,Juventus,9.0,9.0,8.0,1,6.09,5.79,2.54,1.43,0.0,13.01,1.0
juan-cuadrado,D,Pisa,26.0,26.0,20.0,1,6.25,6.0,2.89,4.14,0.0,5.4,5.0
tomas-suslov,C,Verona,31.0,31.0,25.0,1,6.09,5.95,2.43,2.65,0.0,3.74,1.0
alessandro-zanoli,D,Napoli,20.0,20.0,13.0,0,5.97,5.87,0.73,1.55,0.0,3.2,0.0
clinton-njie,A,Torino,14.0,14.0,8.0,0,6.23,6.01,2.1,1.63,0.0,1.06,0.0
samuel-chukwueze,C,Milan,21.0,21.0,11.0,0,6.31,6.01,3.77,2.99,0.0,3.14,1.0
faustino-anjorin,C,Torino,23.0,23.0,17.0,0,6.21,6.1,3.48,2.27,0.0,8.79,2.0
marten-de-roon,C,Atalanta,31.0,31.0,29.0,1,6.06,5.98,2.17,1.05,0.0,5.23,3.0
elseid-hysaj,D,Lazio,22.0,22.0,18.0,0,5.87,5.82,0.98,0.51,0.0,1.83,0.0
mattia-valoti,C,Cremonese,21.0,21.0,11.0,0,6.08,5.78,4.71,1.6,0.0,1.98,0.0
tete-morente,C,Lecce,31.0,31.0,23.0,1,6.02,5.87,2.37,2.94,0.0,3.9,1.0
sebastiano-luperto,D,Cagliari,32.0,32.0,32.0,1,5.94,5.92,0.2,0.33,0.0,6.45,6.0
federico-baschirotto,D,Cremonese,27.0,27.0,21.0,1,6.05,5.93,2.08,0.07,0.0,6.23,8.0
alex-jimenez,D,Milan,26.0,26.0,13.0,0,6.07,6.01,2.36,3.67,0.0,7.82,5.0
ivan-ilic,C,Torino,23.0,23.0,18.0,0,6.22,6.03,2.5,2.61,0.0,3.11,1.0
honest-ahanor,D,Atalanta,16.0,16.0,10.0,0,6.24,6.14,1.42,0.04,0.0,4.08,2.0
marco-brescianini,C,Atalanta,21.0,21.0,13.0,0,6.22,6.04,2.79,1.71,0.0,4.13,1.0
mattia-viti,D,Fiorentina,19.0,19.0,17.0,0,5.91,5.89,0.67,0.03,0.0,3.14,1.0
hassane-kamara,D,Udinese,21.0,21.0,19.0,1,6.0,5.93,1.29,0.76,0.0,7.97,1.0
matija-frigan,A,Parma,10.0,10.0,2.0,0,6.32,5.99,3.13,0.89,0.0,4.2,0.0
michele-collocolo,C,Cremonese,28.0,28.0,24.0,1,5.94,5.69,3.04,1.22,0.0,6.61,3.0
oumar-solet,D,Udinese,28.0,28.0,26.0,0,6.14,6.08,0.82,0.6,0.0,15.19,17.0
ryad-idrissi,D,Cagliari,18.0,18.0,15.0,0,5.96,5.84,1.65,2.62,0.0,4.69,1.0
lewis-ferguson,C,Bologna,28.0,28.0,26.0,1,6.24,6.22,2.31,1.44,0.0,6.09,5.0
fabiano-parisi,D,Fiorentina,21.0,21.0,15.0,0,5.98,5.88,0.9,1.74,0.0,3.34,1.0
francesco-folino,D,Cremonese,25.0,25.0,19.0,1,5.83,5.71,2.11,0.17,0.0,3.08,0.0
adam-masina,D,Torino,24.0,24.0,20.0,1,5.97,5.91,0.98,0.83,0.0,2.94,0.0
ardian-ismajli,D,Torino,21.0,21.0,19.0,1,5.82,5.8,0.2,0.24,0.0,4.15,2.0
arijanet-muric,P,Sassuolo,21.0,21.0,21.0,1,4.28,6.03,0.0,0.0,4.71,2.72,0.0
valentino-lazaro,D,Torino,23.0,23.0,15.0,0,6.11,5.95,1.06,4.2,0.0,7.98,6.0
anass-salah-eddine,D,Roma,16.0,16.0,9.0,0,5.84,5.7,0.59,0.98,0.0,3.06,0.0
nicolo-bertola,D,Udinese,19.0,19.0,16.0,0,6.04,5.95,1.18,0.34,0.0,3.3,1.0
cas-odenthal,D,Sassuolo,27.0,27.0,25.0,1,5.73,5.69,0.62,0.29,0.0,2.88,0.0
giovanni-fabbian,C,Bologna,19.0,19.0,9.0,0,6.27,6.11,3.4,1.61,0.0,3.39,1.0
marcus-pedersen,D,Torino,24.0,24.0,18.0,0,5.8,5.67,0.03,1.84,0.0,2.98,1.0
guillermo-maripan,D,Torino,23.0,23.0,22.0,1,5.9,5.85,1.52,0.22,0.0,3.52,1.0
keinan-davis,A,Udinese,12.0,12.0,5.0,0,6.31,6.02,3.16,1.1,0.0,10.46,9.0
matteo-bianchetti,D,Cremonese,25.0,25.0,24.0,1,5.53,5.49,0.64,0.34,0.0,2.2,0.0
kristian-thorstvedt,C,Sassuolo,22.0,22.0,21.0,1,6.18,5.89,2.78,1.24,0.0,8.94,7.0
kingsley-ehizibue,D,Udinese,21.0,21.0,18.0,0,5.87,5.82,0.27,0.73,0.0,3.66,1.0
fali-cande,D,Sassuolo,20.0,20.0,18.0,0,5.83,5.78,0.66,0.48,0.0,5.7,1.0
niccolo-fortini,D,Fiorentina,15.0,15.0,11.0,0,6.01,5.88,1.14,1.22,0.0,1.8,0.0
remo-freuler,C,Bologna,30.0,30.0,29.0,1,6.25,6.16,1.81,1.43,0.0,4.19,1.5
emanuele-valeri,D,Parma,30.0,30.0,29.0,1,6.17,6.02,1.83,3.05,0.0,12.74,15.0
abdoulaye-niakhate-ndiaye,D,Parma,26.0,26.0,24.0,1,6.08,5.99,1.29,1.74,0.0,2.95,1.0
manu-kone,C,Roma,29.0,29.0,25.0,1,6.16,6.13,1.68,0.62,0.0,9.8,22.0
matias-vecino,C,Lazio,23.0,23.0,13.0,0,6.12,6.0,2.58,1.01,0.0,2.9,1.0
alessandro-vogliacco,D,Genoa,20.0,20.0,16.0,0,5.92,5.9,0.1,0.29,0.0,2.24,0.0
emil-holm,D,Bologna,16.0,16.0,11.0,0,6.08,5.96,1.9,0.79,0.0,4.39,2.0
thomas-kristensen,D,Udinese,20.0,20.0,19.0,1,5.76,5.72,0.74,0.36,0.0,5.36,1.0
nadir-zortea,D,Bologna,29.0,29.0,22.0,0,6.23,6.01,3.02,2.89,0.0,21.74,19.0
jay-idzes,D,Sassuolo,25.0,25.0,19.0,1,5.87,5.85,0.16,0.24,0.0,3.86,2.0
tommaso-baldanzi,C,Roma,18.0,18.0,8.0,0,6.24,6.06,3.32,0.76,0.0,3.08,1.0
petar-sucic,C,Inter,27.0,27.0,21.0,0,6.24,5.98,2.1,1.58,0.0,6.69,8.0
sergi-roberto,C,Como,25.0,25.0,20.0,1,6.08,5.95,2.21,1.63,0.0,2.29,1.0
neil-el-aynaoui,C,Roma,20.0,20.0,14.0,0,6.18,6.04,2.41,1.07,0.0,11.02,8.0
jordan-zemura,D,Udinese,20.0,20.0,14.0,0,5.99,5.89,1.18,1.3,0.0,2.6,1.0
daniel-boloca,C,Sassuolo,29.0,29.0,28.0,1,6.15,6.1,1.86,1.15,0.0,2.75,1.0
oliver-provstgaard,D,Lazio,18.0,18.0,15.0,0,6.06,6.04,0.12,0.14,0.0,2.17,1.0
leo-skiri-ostigard,D,Genoa,24.0,24.0,20.0,0,5.87,5.83,0.36,0.5,0.0,3.76,1.5
nicolo-casale,D,Bologna,16.0,16.0,13.0,0,5.8,5.74,0.4,0.69,0.0,2.58,1.0
mihai-popa,P,Torino,13.0,13.0,5.0,0,4.89,6.12,0.0,0.01,5.33,1.14,0.0
pietro-comuzzo,D,Fiorentina,26.0,26.0,23.0,0,5.88,5.85,0.94,0.1,0.0,3.78,3.5
youssouf-fofana,C,Milan,23.0,23.0,20.0,1,6.16,6.02,1.14,3.74,0.0,8.98,3.0
suat-serdar,C,Verona,25.0,25.0,17.0,0,5.98,5.87,2.45,1.09,0.0,3.09,1.0
charalampos-lykogiannis,D,Bologna,19.0,19.0,15.0,0,6.05,5.97,1.05,0.78,0.0,3.06,1.0
maduka-okoye,P,Udinese,20.0,20.0,20.0,0,4.95,6.29,0.0,0.0,2.63,3.86,2.0
benjamin-siegrist,P,Genoa,13.0,13.0,13.0,0,5.36,6.3,0.0,0.0,3.59,1.58,1.0
domagoj-bradaric,D,Verona,20.0,20.0,18.0,0,5.84,5.77,0.37,1.23,0.0,2.5,1.0
nahuel-estevez,C,Parma,27.0,27.0,22.0,1,5.92,5.81,2.05,1.5,0.0,1.67,0.0
pervis-estupinan,D,Milan,26.0,26.0,23.0,0,5.96,5.84,0.7,2.16,0.0,17.48,19.0
patric,D,Lazio,17.0,17.0,15.0,0,5.88,5.87,0.02,0.11,0.0,2.3,0.0
nikola-moro,C,Bologna,22.0,22.0,17.0,0,6.18,6.04,1.63,1.91,0.0,2.98,1.0
fabio-miretti,C,Juventus,20.0,20.0,12.0,0,6.08,5.9,0.66,3.08,0.0,2.18,1.0
marin-pongracic,D,Fiorentina,16.0,16.0,12.0,0,5.83,5.83,0.02,0.07,0.0,2.8,1.0
ange-yoan-bonny,A,Inter,13.0,13.0,7.0,0,6.27,6.0,1.83,0.75,0.0,17.15,11.0
morten-thorsby,C,Genoa,25.0,25.0,18.0,0,6.0,5.91,1.77,1.03,0.0,2.45,0.0
leonardo-sernicola,D,Cremonese,24.0,24.0,18.0,0,5.81,5.76,0.58,0.47,0.0,1.07,0.0
alessandro-arena,C,Pisa,18.0,18.0,13.0,0,6.14,5.98,1.86,1.73,0.0,0.9,0.0
alessio-zerbin,C,Cremonese,24.0,24.0,17.0,0,6.09,5.98,2.94,0.45,0.0,5.08,2.0
matteo-gabbia,D,Milan,23.0,23.0,20.0,0,6.04,6.03,1.21,0.06,0.0,6.44,2.0
daniele-rugani,D,Juventus,15.0,15.0,14.0,0,5.89,5.83,0.66,0.15,0.0,1.94,1.0
tommaso-pobega,C,Bologna,18.0,18.0,12.0,0,6.18,6.02,2.41,1.25,0.0,3.35,1.0
federico-ceccherini,D,Cremonese,24.0,24.0,20.0,1,5.76,5.72,0.66,0.21,0.0,2.72,0.0
kristjan-asllani,C,Torino,14.0,14.0,9.0,0,6.24,6.0,1.26,2.51,0.0,2.06,3.0
amir-richardson,C,Fiorentina,21.0,21.0,13.0,0,5.9,5.8,1.84,0.95,0.0,1.97,0.0
enrico-del-prato,D,Parma,29.0,29.0,27.0,1,6.1,6.04,1.54,0.85,0.0,7.54,10.0
gabriele-zappa,D,Cagliari,29.0,29.0,25.0,1,5.92,5.83,1.58,1.46,0.0,2.96,1.5
sebastian-walukiewicz,D,Sassuolo,19.0,19.0,18.0,0,5.7,5.68,0.02,0.26,0.0,2.64,1.0
mehdi-taremi,A,Inter,6.0,6.0,5.0,1,6.0,6.0,1.55,1.12,0.0,1.85,0.0
riccardo-sottil,C,Lecce,23.0,23.0,19.0,0,6.22,6.01,1.68,2.44,0.0,3.75,1.5
luca-pellegrini,D,Lazio,14.0,14.0,9.0,0,5.9,5.82,0.02,1.16,0.0,2.22,2.0
yannik-engelhardt,C,Como,22.0,22.0,21.0,1,5.94,5.81,1.83,1.5,0.0,1.41,0.0
danilo-cataldi,C,Lazio,23.0,23.0,15.0,0,6.0,5.91,1.34,1.33,0.0,1.77,0.0
ibrahim-sulemana,C,Atalanta,16.0,16.0,7.0,0,6.07,5.94,2.34,0.46,0.0,3.08,1.0
samuele-angori,D,Pisa,29.0,29.0,20.0,1,5.95,5.81,1.23,1.7,0.0,6.47,7.0
simone-scuffet,P,Pisa,24.0,24.0,23.0,1,4.47,5.89,0.0,0.0,2.78,1.79,1.0
el-bilal-toure,A,Atalanta,2.0,2.0,1.0,0,6.08,6.0,1.56,0.73,0.0,5.68,1.0
alieu-fadera,C,Sassuolo,21.0,21.0,16.0,0,6.07,5.87,1.02,1.84,0.0,6.31,1.0
mergim-vojvoda,D,Como,25.0,25.0,18.0,0,5.98,5.89,0.81,1.77,0.0,7.41,10.0
simone-canestrelli,D,Pisa,30.0,30.0,28.0,1,5.89,5.8,1.75,0.43,0.0,2.64,1.0
piotr-zielinski,C,Inter,19.0,19.0,9.0,1,6.16,6.13,1.06,1.41,0.0,2.19,1.0
yerry-mina,D,Cagliari,28.0,28.0,25.0,0,5.99,5.94,1.25,0.09,0.0,5.88,5.0
kialonda-gaspar,D,Lecce,26.0,26.0,25.0,1,6.06,6.04,0.4,0.44,0.0,6.21,5.0
jacopo-fazzini,C,Fiorentina,17.0,17.0,11.0,0,6.02,5.91,1.27,1.1,0.0,6.48,3.0
idrissa-toure,C,Pisa,25.0,25.0,14.0,0,5.96,5.8,1.74,1.16,0.0,3.15,2.0
stefan-posch,D,Bologna,10.0,10.0,10.0,1,6.02,5.98,0.54,0.83,0.0,2.64,1.0
teun-koopmeiners,C,Juventus,22.0,22.0,10.0,1,6.39,5.99,4.28,2.95,0.0,15.94,19.0
morten-frendrup,C,Genoa,27.0,27.0,25.0,1,6.08,6.04,1.14,0.6,0.0,3.02,2.0
maxence-caqueret,C,Como,24.0,24.0,22.0,1,6.01,5.89,0.86,2.37,0.0,3.3,1.0
arthur-atta,C,Udinese,20.0,20.0,10.0,0,6.05,5.95,2.04,0.69,0.0,8.04,11.0
frederic-guilbert,D,Lecce,30.0,30.0,29.0,1,5.85,5.81,0.05,1.22,0.0,2.5,1.0
josep-martinez,P,Inter,12.0,12.0,12.0,0,5.34,6.2,0.0,0.0,1.6,2.42,1.0
luca-lezzerini,P,Fiorentina,15.0,15.0,15.0,0,4.5,6.18,0.0,0.0,2.1,0.64,1.0
charles-pickel,C,Cremonese,27.0,27.0,21.0,1,5.83,5.72,1.31,1.05,0.0,1.54,2.0
stanislav-lobotka,C,Napoli,30.0,30.0,28.0,1,6.08,6.04,0.07,1.17,0.0,3.17,5.0
abdou-harroui,C,Verona,16.0,16.0,7.0,0,6.19,5.98,1.98,1.93,0.0,2.3,1.0
antonio-caracciolo,D,Pisa,33.0,33.0,32.0,1,5.84,5.81,0.93,0.2,0.0,3.08,1.0
antonino-gallo,D,Lecce,26.0,26.0,25.0,1,5.83,5.79,0.05,0.89,0.0,2.98,3.0
ylber-ramadani,C,Lecce,29.0,29.0,24.0,1,5.92,5.86,0.95,1.16,0.0,2.0,0.0
alessandro-circati,D,Parma,28.0,28.0,27.0,1,5.82,5.8,1.0,0.0,0.0,2.42,1.0
adrian-semper,P,Pisa,10.0,10.0,9.0,1,5.44,6.39,0.0,0.0,2.99,1.94,1.0
marco-silvestri,P,Cremonese,13.0,13.0,12.0,0,4.79,6.07,0.0,0.0,2.72,1.08,1.0
orir-johann-helgason,C,Lecce,17.0,17.0,11.0,0,6.03,5.87,1.31,1.89,0.0,3.22,1.0
marius-marin,C,Pisa,32.0,32.0,28.0,1,5.92,5.83,0.8,1.21,0.0,2.38,1.0
danilo-veiga,D,Lecce,26.0,26.0,17.0,0,5.74,5.62,0.39,1.66,0.0,1.38,1.0
billy-gilmour,C,Napoli,20.0,20.0,13.0,0,5.99,5.9,0.47,1.48,0.0,2.05,1.0
juan-david-cabal,D,Juventus,13.0,13.0,8.0,0,5.87,5.82,0.02,0.58,0.0,2.25,2.0
jesper-karlstrom,C,Udinese,29.0,29.0,28.0,1,5.82,5.74,0.51,1.16,0.0,2.22,1.0
toma-basic,C,Lazio,16.0,16.0,11.0,0,5.89,5.81,1.19,0.61,0.0,0.48,0.0
samuele-ricci,C,Milan,23.0,23.0,16.0,0,6.09,6.02,1.32,0.96,0.0,5.94,6.0
enzo-ebosse,D,Verona,16.0,16.0,12.0,0,5.73,5.72,0.0,0.09,0.0,1.96,1.0
stefano-turati,P,Sassuolo,10.0,10.0,9.0,0,4.63,6.22,0.0,0.0,2.07,2.73,2.0
nicolo-rovella,C,Lazio,21.0,21.0,15.0,0,6.13,6.03,0.03,2.1,0.0,2.97,1.0
michele-castagnetti,C,Cremonese,30.0,30.0,25.0,1,5.86,5.77,0.59,1.29,0.0,1.68,1.0
edoardo-goldaniga,D,Como,25.0,25.0,23.0,1,5.78,5.74,1.1,0.23,0.0,1.67,0.0
gaby-jean,D,Lecce,34.0,34.0,32.0,1,5.69,5.67,0.12,0.32,0.0,1.27,0.0
marko-rog,C,Cagliari,19.0,19.0,13.0,0,5.97,5.87,1.05,1.31,0.0,0.46,0.0
corrie-ndaba,D,Lecce,21.0,21.0,18.0,0,5.81,5.77,0.77,0.47,0.0,0.63,0.0
lorenzo-pellegrini,C,Roma,18.0,18.0,7.0,1,6.07,6.01,1.02,1.21,0.0,5.67,2.0
patrizio-masini,C,Genoa,19.0,19.0,17.0,0,6.11,6.06,1.23,0.36,0.0,1.78,1.0
cesare-casadei,C,Torino,26.0,26.0,22.0,0,6.03,5.94,1.53,0.48,0.0,7.2,8.0
alex-valle,D,Como,20.0,20.0,17.0,0,5.88,5.76,0.04,2.31,0.0,3.58,6.5
grigoris-kastanos,C,Verona,17.0,17.0,10.0,0,6.05,5.95,1.13,0.95,0.0,1.78,0.0
devis-vasquez,P,Roma,4.0,4.0,4.0,1,5.11,6.16,0.0,0.0,4.92,0.92,1.0
cristian-volpato,C,Sassuolo,9.0,9.0,3.0,0,6.45,5.93,1.77,1.5,0.0,2.05,1.0
matteo-prati,C,Cagliari,22.0,22.0,16.0,0,5.92,5.85,1.0,1.03,0.0,1.86,3.0
adrien-tameze,C,Torino,24.0,24.0,21.0,1,5.96,5.87,0.0,2.07,0.0,1.86,0.0
konan-ndri,A,Lecce,28.0,28.0,15.0,0,5.87,5.75,0.95,1.45,0.0,2.88,1.0
mattia-perin,P,Juventus,6.0,6.0,6.0,1,5.49,6.1,0.0,0.0,1.75,1.58,1.0
lassana-coulibaly,C,Lecce,27.0,27.0,21.0,1,6.0,5.96,0.92,0.58,0.0,3.25,1.0
nicola-zalewski,C,Atalanta,16.0,16.0,6.0,0,6.0,5.92,0.88,0.9,0.0,3.72,5.0
arturo-calabresi,D,Pisa,22.0,22.0,16.0,0,5.95,5.86,0.69,0.84,0.0,1.84,1.0
daniel-oyegoke,D,Verona,15.0,15.0,10.0,0,5.89,5.86,0.32,0.2,0.0,1.28,0.0
edoardo-pieragnolo,D,Sassuolo,11.0,11.0,11.0,0,5.78,5.66,0.53,0.55,0.0,1.28,0.0
alberto-grassi,C,Cremonese,20.0,20.0,18.0,0,5.95,5.9,0.59,0.77,0.0,1.6,0.0
adrian-rus,D,Pisa,18.0,18.0,12.0,0,6.0,5.94,1.22,0.39,0.0,0.64,0.0
martin-payero,C,Cremonese,15.0,15.0,7.0,0,6.08,5.92,1.34,1.52,0.0,1.68,1.5
mehdi-leris,C,Pisa,22.0,22.0,15.0,0,5.88,5.76,1.08,0.95,0.0,0.51,0.0
alessandro-deiola,C,Cagliari,20.0,20.0,12.0,0,5.87,5.79,1.13,0.88,0.0,1.78,1.0
warren-bondo,C,Cremonese,19.0,19.0,8.0,0,5.96,5.87,1.66,0.72,0.0,2.45,1.0
razvan-sava,P,Udinese,8.0,8.0,8.0,0,4.61,6.0,0.0,0.0,1.99,1.86,1.0
laurs-skjellerup,A,Sassuolo,3.0,3.0,1.0,0,5.88,5.88,0.37,0.13,0.0,0.34,0.0
damian-pizarro,A,Udinese,0.0,0.0,0.0,0,6.0,6.0,0.0,0.0,0.0,1.25,1.0
lameck-banda,A,Lecce,12.0,12.0,8.0,0,6.16,5.99,0.77,1.66,0.0,1.84,1.0
henrik-meister,A,Pisa,7.0,7.0,3.0,0,6.02,5.73,1.36,0.35,0.0,4.06,1.0
youssef-maleh,C,Lecce,22.0,22.0,16.0,0,5.86,5.8,0.5,1.2,0.0,0.78,0.0
mohamed-kaba,C,Lecce,25.0,25.0,18.0,0,5.88,5.83,0.09,1.11,0.0,0.89,0.0
gvidas-gineitis,C,Torino,9.0,9.0,5.0,0,5.94,5.91,0.3,0.16,0.0,1.76,0.0
mattia-felici,C,Cagliari,15.0,15.0,6.0,0,6.13,5.83,0.56,2.33,0.0,1.95,0.0
ebenezer-akinsanmiro,C,Pisa,6.0,6.0,3.0,0,5.96,5.85,0.29,0.23,0.0,1.95,0.0
maximo-perrone,C,Como,24.0,24.0,19.0,1,5.95,5.92,0.04,0.73,0.0,2.52,1.0
gianluca-gaetano,C,Cagliari,18.0,18.0,15.0,0,6.24,6.07,1.01,0.76,0.0,1.85,3.0
cher-ndour,C,Fiorentina,9.0,9.0,1.0,0,5.81,5.75,0.37,0.16,0.0,1.08,1.0
filip-marchwinski,C,Lecce,12.0,12.0,3.0,0,6.01,5.92,0.67,0.68,0.0,0.89,0.0
yunus-musah,C,Milan,22.0,22.0,16.0,0,5.9,5.82,0.04,1.81,0.0,1.56,1.0
emirhan-ilkhan,C,Torino,6.0,6.0,1.0,0,5.88,5.8,0.64,0.17,0.0,0.8,1.0
vasilije-adzic,C,Juventus,0.0,0.0,0.0,0,6.0,6.0,0.0,0.0,0.0,0.8,1.0
gabriele-piccinini,C,Pisa,15.0,15.0,7.0,0,5.95,5.84,0.64,0.65,0.0,2.13,1.0
medon-berisha,C,Lecce,6.0,6.0,3.0,0,5.9,5.82,0.15,0.38,0.0,1.74,1.0
hamza-rafia,C,Lecce,17.0,17.0,10.0,0,5.82,5.81,0.27,0.12,0.0,1.37,0.0
edoardo-iannoni,C,Sassuolo,17.0,17.0,8.0,0,5.93,5.87,0.49,0.35,0.0,0.87,0.0
reda-belahyane,C,Lazio,7.0,7.0,1.0,0,5.95,5.92,0.03,0.24,0.0,1.18,0.0
andrea-ghion,C,Sassuolo,8.0,8.0,4.0,0,5.89,5.87,0.01,0.07,0.0,1.76,0.0
oier-zarraga,C,Udinese,14.0,14.0,8.0,0,6.02,5.96,0.98,0.35,0.0,1.27,0.0
alessandro-bianco,C,Fiorentina,15.0,15.0,15.0,0,5.95,5.93,0.32,0.15,0.0,0.89,0.0
dele-alli,C,Como,2.0,2.0,1.0,0,5.89,5.85,0.68,0.33,0.0,0.3,1.0
mikael-ellertsson,C,Genoa,9.0,9.0,6.0,0,6.01,5.88,0.82,0.75,0.0,1.95,0.0
niccolo-pisilli,C,Roma,15.0,15.0,11.0,0,6.16,6.03,0.99,0.11,0.0,2.14,1.0
balthazar-pierret,C,Lecce,24.0,24.0,19.0,1,5.8,5.77,0.99,0.24,0.0,1.85,0.0
santiago-pierotti,C,Lecce,24.0,24.0,20.0,0,6.13,5.96,3.78,0.91,0.0,6.62,2.0
mandela-keita,C,Parma,25.0,25.0,18.0,0,5.76,5.72,0.04,0.67,0.0,2.32,1.0
michel-aebischer,C,Pisa,20.0,20.0,14.0,0,5.96,5.89,0.84,0.92,0.0,2.04,1.0
alberto-dossena,D,Como,22.0,22.0,19.0,1,5.89,5.85,0.06,0.79,0.0,2.18,0.0
alberto-moreno,D,Como,17.0,17.0,14.0,0,5.94,5.89,0.05,0.75,0.0,1.64,0.0
tiago-gabriel,D,Lecce,24.0,24.0,23.0,0,6.08,6.05,0.2,0.05,0.0,1.37,1.0
marco-palestra,D,Cagliari,21.0,21.0,3.0,0,6.08,6.08,0.11,2.03,0.0,1.78,1.5
ivan-smolcic,D,Como,21.0,21.0,18.0,0,5.76,5.7,0.17,0.7,0.0,1.75,1.0
botond-balogh,D,Parma,14.0,14.0,11.0,0,5.79,5.79,0.01,0.09,0.0,1.64,1.0
jonas-rouhi,D,Juventus,3.0,3.0,1.0,0,6.0,6.0,0.13,0.02,0.0,0.74,0.0
ignace-van-der-brempt,D,Como,5.0,5.0,3.0,0,5.97,5.92,0.11,0.2,0.0,1.78,1.5
lautaro-valenti,D,Parma,14.0,14.0,13.0,0,5.78,5.75,0.35,0.22,0.0,1.92,1.0
filippo-terracciano,D,Cremonese,25.0,25.0,24.0,0,5.98,5.91,2.03,0.82,0.0,3.21,1.0
domagoj-bradaric,D,Verona,21.0,21.0,15.0,0,5.88,5.81,0.23,0.82,0.0,1.21,1.0
nicolas-valentini,D,Verona,6.0,6.0,4.0,0,5.78,5.76,0.12,0.07,0.0,2.83,1.0
tobias-slotsager,D,Verona,1.0,1.0,1.0,0,6.0,6.0,0.01,0.03,0.0,1.38,0.0
sebastian-otoa,D,Genoa,3.0,3.0,2.0,0,6.0,6.0,0.06,0.03,0.0,1.1,0.0
marc-oliver-kempf,D,Como,19.0,19.0,19.0,1,5.73,5.71,0.33,0.14,0.0,3.22,1.5
filippo-romagna,D,Sassuolo,10.0,10.0,7.0,0,5.39,5.38,0.01,0.02,0.0,1.92,0.0
rui-modesto,D,Udinese,11.0,11.0,4.0,0,5.95,5.9,0.23,0.38,0.0,1.51,0.0
luca-marianucci,D,Napoli,5.0,5.0,4.0,0,5.86,5.85,0.1,0.01,0.0,1.92,0.0
adam-obert,D,Cagliari,19.0,19.0,13.0,0,5.87,5.83,0.06,0.84,0.0,2.05,1.0
alessandro-marcandalli,D,Genoa,9.0,9.0,7.0,0,5.8,5.78,0.3,0.04,0.0,0.97,0.0
matteo-palma,D,Udinese,0.0,0.0,0.0,0,6.0,6.0,0.0,0.0,0.0,1.1,1.0
fellipe-jack,D,Como,3.0,3.0,2.0,0,6.0,6.0,0.02,0.02,0.0,1.24,0.0
martin-frese,D,Verona,11.0,11.0,6.0,0,5.93,5.83,0.69,0.73,0.0,1.92,1.0
yeferson-paz,D,Sassuolo,9.0,9.0,5.0,0,5.95,5.94,0.02,0.05,0.0,1.75,1.0
romano-floriani-mussolini,D,Cremonese,11.0,11.0,8.0,0,5.82,5.78,0.22,0.16,0.0,2.18,1.5
alessandro-di-pardo,D,Cagliari,14.0,14.0,9.0,0,5.77,5.71,0.11,0.69,0.0,0.74,0.0
ali-dembele,D,Torino,8.0,8.0,2.0,0,6.13,5.92,2.22,0.2,0.0,1.0,1.0
francesco-rossi,P,Atalanta,0.0,0.0,0.0,0,6.0,6.0,0.0,0.0,0.0,0.68,1.0
boris-radunovic,P,Cagliari,2.0,2.0,2.0,1,4.86,6.1,0.0,0.0,0.7,0.34,0.0
raffaele-di-gennaro,P,Inter,1.0,1.0,1.0,0,6.06,6.06,0.0,0.0,0.0,0.84,1.0
federico-ravaglia,P,Bologna,3.0,3.0,3.0,0,6.0,6.0,0.0,0.0,1.0,2.96,1.0
mauro-vigorito,P,Como,7.0,7.0,7.0,0,5.26,6.16,0.0,0.0,1.82,0.84,1.0
christian-fruchtl,P,Lecce,4.0,4.0,3.0,0,4.94,6.21,0.0,0.0,0.22,0.84,0.0
giacomo-satalino,P,Sassuolo,2.0,2.0,2.0,0,5.88,5.88,0.0,0.0,0.55,0.84,0.0
marco-sportiello,P,Atalanta,1.0,1.0,1.0,0,5.01,6.12,0.0,0.0,0.14,0.84,1.0
daniele-sommariva,P,Genoa,0.0,0.0,0.0,0,6.0,6.0,0.0,0.0,0.0,0.84,0.0
alberto-paleari,P,Torino,1.0,1.0,1.0,1,5.18,6.35,0.0,0.0,0.5,0.84,1.0
tommaso-martinelli,P,Fiorentina,0.0,0.0,0.0,0,6.0,6.0,0.0,0.0,0.0,0.68,1.0
simone-perilli,P,Verona,0.0,0.0,0.0,0,6.0,6.0,0.0,0.0,0.0,0.84,0.0
giuseppe-ciocci,P,Cagliari,0.0,0.0,0.0,0,6.0,6.0,0.0,0.0,0.0,0.84,0.0
daniele-padelli,P,Udinese,1.0,1.0,1.0,0,4.98,6.23,0.0,0.0,0.21,0.84,0.0
pietro-terracciano,P,Milan,1.0,1.0,1.0,1,5.18,6.15,0.0,0.0,0.26,0.84,1.0
pierluigi-gollini,P,Roma,1.0,1.0,1.0,0,5.05,6.07,0.0,0.0,0.25,0.84,1.0
carlo-pinsoglio,P,Juventus,1.0,1.0,0.0,0,5.81,6.16,0.0,0.0,0.22,0.84,1.0
louis-buffon,A,Pisa,4.0,4.0,1.0,0,5.9,5.76,0.42,0.33,0.0,0.68,1.0
malthe-hojholt,C,Pisa,22.0,22.0,16.0,0,6.01,5.97,0.44,0.83,0.0,0.39,0.0
jakub-piotrowski,C,Udinese,25.0,25.0,23.0,0,6.07,5.98,1.16,0.82,0.0,1.85,1.0
luca-lipani,C,Sassuolo,4.0,4.0,2.0,0,6.19,6.01,0.57,0.42,0.0,0.87,0.0
antoine-bernede,C,Verona,15.0,15.0,11.0,0,5.98,5.88,0.94,0.96,0.0,1.66,0.0
michel-ndary-adopo,C,Cagliari,27.0,27.0,24.0,0,6.1,5.87,2.28,2.34,0.0,2.04,1.0
lorenzo-venturino,C,Genoa,6.0,6.0,1.0,0,6.61,6.37,0.99,0.9,0.0,1.66,1.0
cheikh-tidiane-niasse,C,Verona,16.0,16.0,11.0,0,5.78,5.75,0.29,0.29,0.0,1.66,1.0
guray-vural,C,Pisa,7.0,7.0,5.0,0,6.17,5.94,1.69,0.62,0.0,0.3,0.0
filippo-missori,D,Sassuolo,4.0,4.0,1.0,0,5.79,5.76,0.17,0.02,0.0,1.75,1.0
mateus-lusuardi,D,Pisa,3.0,3.0,2.0,0,6.0,6.0,0.14,0.01,0.0,1.64,0.0
daniel-denoon,D,Pisa,4.0,4.0,3.0,0,5.92,5.89,0.22,0.03,0.0,1.24,0.0
giuseppe-pezzella,D,Cremonese,5.0,5.0,4.0,0,5.92,5.89,0.17,0.06,0.0,3.96,3.0
mihajlo-ilic,D,Bologna,5.0,5.0,4.0,0,6.04,6.0,0.19,0.09,0.0,0.94,1.0
christ-owen-kouassi,D,Lecce,15.0,15.0,12.0,0,5.81,5.78,0.34,0.25,0.0,2.05,0.0
davide-bartesaghi,D,Milan,10.0,10.0,7.0,0,6.0,6.0,0.08,0.03,0.0,1.38,0.0
torbjorn-heggem,D,Bologna,8.0,8.0,7.0,0,5.96,5.91,0.43,0.21,0.0,2.18,0.0
zachary-athekame,D,Milan,8.0,8.0,4.0,0,5.96,5.92,0.01,0.33,0.0,2.59,1.0
mathias-lovik,D,Parma,2.0,2.0,1.0,0,6.0,6.0,0.09,0.02,0.0,1.24,1.0
edoardo-corvi,P,Parma,2.0,2.0,2.0,0,6.0,6.0,0.0,0.0,0.42,0.84,1.0
lapo-nava,P,Cremonese,1.0,1.0,1.0,0,6.0,6.0,0.0,0.0,0.26,0.84,0.0
nikita-contini-baranovsky,P,Napoli,6.0,6.0,6.0,0,5.01,6.14,0.0,0.0,1.15,0.84,1.0
giovane,A,Hellas Verona,22.0,22.0,21.0,0,6.48,6.18,5.25,4.1,0.0,10.0,3.0
jon-rowe,A,Marseille,23.0,23.0,0.0,0,16.0,6.0,3.17,1.24,0.0,11.05,10.0
arkadiusz-milik,A,Juventus,1.0,1.0,1.0,0,6.01,5.91,0.0,0.0,0.0,1.0,0.5
kamaldeen-sulemana,A,Atalanta,21.0,21.0,17.0,0,6.0,6.0,2.49,1.18,0.0,5.1,2.0
leon-bailey,C,Roma,25.0,25.0,20.0,1,6.61,6.08,5.43,5.99,0.0,21.45,9.0
nemanja-matic,C,Sassuolo,27.0,27.0,24.0,1,6.07,5.99,0.56,2.01,0.0,2.2,0.0
aster-vranckx,C,Sassuolo,15.0,15.0,9.0,0,6.19,5.97,2.64,1.3,0.0,2.15,0.0
andy-diouf,C,Inter,18.0,18.0,12.0,0,6.11,5.99,0.73,1.59,0.0,6.7,1.0
christian-ordonez,C,Parma,1.0,1.0,1.0,0,5.88,5.88,0.05,0.03,0.0,1.0,1.0
yellu-santiago,C,Hellas Verona,3.0,3.0,2.0,0,6.0,6.0,0.19,0.15,0.0,0.5,0.0
miguel-gutierrez,D,Napoli,28.0,28.0,26.0,1,6.28,6.08,1.47,4.71,0.0,19.7,9.0
victor-nelsson,D,Hellas Verona,21.0,21.0,14.0,0,5.64,5.62,0.21,0.13,0.0,1.7,1.0
jakob-sorensen,D,Parma,13.0,13.0,10.0,0,5.88,5.83,0.34,0.23,0.0,1.1,
rafik-belghali,D,Hellas Verona,2.0,2.0,1.0,0,5.88,5.88,0.02,0.01,0.0,1.0,1.0
marco-pellegrino,D,Milan,8.0,8.0,5.0,0,5.46,5.45,0.04,0.08,0.0,1.0,30.0
jamil-siebert,D,Lecce,13.0,13.0,8.0,0,5.83,5.76,0.42,0.3,0.0,0.5,1.5
fallou-cham,D,Hellas Verona,1.0,1.0,0.0,0,5.88,5.88,0.01,0.01,0.0,0.5,0.0
nicolas-andrade,P,Pisa,2.0,2.0,2.0,1,4.52,5.45,0.0,0.0,0.0,0.5,0.0
